Metric,Score
Accuracy,0.7402597402597403
ROC-AUC,0.8155555555555556
